"Date","Afghanistan","Albania","Algeria","Angola","Argentina","Armenia","Australia","Austria","Azerbaijan","Bahrain","Bangladesh","Belarus","Belgium","Benin","Bolivia","Bosnia and Herzegovina","Botswana","Brazil","Bulgaria","Cabo Verde","Cameroon","Canada","Central African Republic","Chad","Chile","China","Colombia","Congo (Brazzaville)","Congo (Kinshasa)","Costa Rica","Cote d'Ivoire","Croatia","Cuba","Czechia","Denmark","Djibouti","Dominican Republic","Ecuador","Egypt","El Salvador","Equatorial Guinea","Eswatini","Ethiopia","Finland","France","Gabon","Gambia","Georgia","Germany","Ghana","Greece","Guatemala","Guinea","Guinea-Bissau","Guyana","Haiti","Honduras","Hungary","India","Indonesia","Iran","Iraq","Ireland","Israel","Italy","Japan","Jordan","Kazakhstan","Kenya","Korea, South","Kosovo","Kuwait","Kyrgyzstan","Latvia","Lebanon","Lesotho","Liberia","Libya","Lithuania","Luxembourg","Madagascar","Malawi","Malaysia","Maldives","Mali","Mauritania","Mexico","Moldova","Montenegro","Morocco","Mozambique","Namibia","Nepal","Netherlands","Nicaragua","Niger","Nigeria","North Macedonia","Norway","Oman","Pakistan","Panama","Paraguay","Peru","Philippines","Poland","Portugal","Qatar","Romania","Russia","Rwanda","Sao Tome and Principe","Saudi Arabia","Senegal","Serbia","Sierra Leone","Singapore","Slovenia","Somalia","South Africa","South Sudan","Spain","Sudan","Suriname","Sweden","Switzerland","Syria","Tajikistan","Togo","Turkey","Uganda","Ukraine","United Arab Emirates","United Kingdom","Uruguay","US","Uzbekistan","Venezuela","West Bank and Gaza","Yemen","Zambia","Zimbabwe"
7.1.20,  319,   45,  365,    7, 2667,  523,   81,  107,  588,  656, 3775,  306,   82,    0, 1008,  153,    0,46712,  165,   40,    0,  191,    0,    0, 2650,   31, 4163,  295,   83,  294,  203,   54,    7,   92,   26,   22,  819, 1825, 1503,  298,    0,   28,    0,   22,  918,  119,    0,    3,  475,  393,   23,  915,   13,    0,    3,   65,  704,    2,19160, 1385, 2549, 2415,    4, 1013,  182,  223,    1,18757,  307,   54,   79,  745,  755,    3,   10,    8,   24,   50,    1,   46,   89,   41,    1,   21,   21,  109, 5681,  285,   28,  103,   14,   80,  482,   62,    0,    0,  790,  120,   17, 1124, 4339,  913,   39, 3264,  997,  382,  313,  915,  326, 6550,   17,    1, 3402,  132,  272,   36,  215,   13,    0, 8124,   14,  388,  316,   20, 1241,  137,   14,  105,   11, 1192,    4,  670,  402,   63,    7,51174,  278,  230,  330,   32,   38,   14
7.2.20,   505,   127,   750,    31,  5411,  1116,   146,   175,  1160,  1079,  7794,   580,   171,     0,  2309,   335,     0, 94817,   326,    74,     0,   546,    43,     2,  5148,    45,  8264,   295,   150,   564,   493,   135,    12,   224,    47,    33,  1629,  3036,  2988,   562,  1070,    61,     0,    27,  1577,   119,     6,    11,   952,   393,    49,  1976,    59,     0,     5,   126,  1562,    11, 40063,  3009,  5201,  4599,    16,  1803,   383,   440,     4, 20266,   575,   117,   192,  1664,  1261,     4,    18,     8,    39,    67,     8,    96,   189,   118,     4,    39,    79,   243, 12422,   537,    68,   436,    29,    88,   955,   140,     0,     6,  1416,   291,    23,  2485,  8426,  1687,    82,  6791,  1291,   753,   641,  1809,   776, 13302,    38,     3,  6785,   261,   631,    56,   403,    34,    20, 16852,    14,   832,   316,    32,  2188,   253,    33,   158,    17,  2378,    13,  1567,   802,    69,    11,105635,   575,   441,   652,    63,    38,    26
7.3.20,   807,   217,  1163,    44,  8256,  1778,   340,   284,  1743,  1652, 10908,   879,   300,     0,  3599,   509,    50,137040,   508,   155,     0,   865,   173,     5,  8696,    53, 11659,   470,   272,   852,   745,   231,    20,   365,    64,    54,  2580,  4225,  4400,   829,  1070,    97,     0,    28,  2159,   226,     6,    15,  1362,  1647,    77,  3197,   130,   111,    11,   255,  2558,    17, 62834,  4310,  7767,  6911,    25,  2811,   606,   570,    15, 23411,   822,   180,   265,  2477,  1372,     4,    52,     8,    53,    94,    11,   148,   298,   274,     9,    49,   104,   342, 19162,   832,   115,   755,    50,   145,  1695,   215,     0,     7,  1870,   453,    42,  3859,  8426,  2445,   128, 10386,  2822,  1012,  1015,  2565,  1196, 20012,    56,     5, 10978,   371,   940,    62,   572,    50,    20, 25915,    14,  1274,   406,    46,  2968,   387,    49,   158,    21,  3550,    22,  2451,  1474,   571,    16,158947,   893,   705,   906,    82,    38,    34
7.4.20,  1155,   284,  1593,    62, 10846,  2358,   523,   399,  2277,  2099, 14196,  1152,   411,     0,  4852,   509,    50,174963,   688,   194,     0,  1088,   224,     5, 12454,    72, 15543,   470,   340,  1162,   963,   317,    28,   486,    64,    54,  3616,  5103,  5724,  1069,  1070,   142,     0,    34,  2159,   226,     8,    20,  1780,  1647,   102,  4405,   179,   111,    27,   319,  3363,    19, 87684,  5757, 10216,  9245,    36,  3926,   841,   846,    18, 24863,  1211,   241,   379,  3108,  1588,     5,    77,     8,    89,   165,    14,   177,   514,   389,    19,    74,   122,   464, 26076,  1059,   172,  1289,    80,   170,  1927,   278,     0,     7,  2473,   598,    47,  5036, 11813,  3433,   164, 13867,  4316,  1326,  1428,  3095,  1612, 26635,    67,     5, 15106,   479,  1265,    71,   757,    79,    37, 36768,    14,  1274,   510,    50,  2968,   484,    59,   259,    26,  4704,    38,  3374,  2190,  1196,    19,204827,  1205,   918,  1407,    90,    38,   107
7.5.20,  1434,   358,  2034,    62, 13285,  3064,   663,   514,  2800,  2609, 16934,  1436,   589,     0,  6078,   509,    50,201014,   751,   224,     0,  1297,   224,     6, 16139,    86, 19264,   470,   372,  1537,  1273,   374,    31,   561,    65,   110,  4857,  5526,  6942,  1339,  1070,   176,     0,    39,  2159,   226,     8,    23,  2105,  2344,   110,  5152,   219,   111,    28,   358,  4385,    28,111932,  7364, 12776, 11370,    54,  4714,  1033,  1053,    32, 26266,  1520,   287,   557,  3746,  1871,     6,    95,    52,    94,   222,    19,   223,   727,   389,    24,   107,   149,   516, 30759,  1201,   233,  1682,    98,   207,  2220,   351,     0,    13,  3017,   712,    51,  6108, 18348,  4599,   206, 17505,  6740,  1557,  1756,  3711,  2003, 33354,    80,     6, 18686,   607,  1567,    80,   893,   100,    73, 45541,    14,  1274,   510,    79,  2968,   554,    79,   313,    30,  5852,    50,  4214,  2873,  1715,    20,254710,  1517,  1337,  1849,   107,    38,   125
7.6.20,  1673,   429,  2497,    62, 15917,  3394,   835,   599,  3313,  3063, 20135,  1686,   631,     0,  7290,  1005,    87,221243,   925,   236,     0,  1718,   288,     6, 19164,   104, 22435,   470,   393,  1782,  1467,   443,    39,   612,   111,   140,  5560,  5948,  7911,  1589,  1070,   199,     0,    43,  3534,   349,    12,    25,  2646,  3336,   153,  5876,   219,   136,    28,   396,  5107,    34,134183,  8573, 15389, 13166,    58,  5505,  1241,  1233,    35, 27375,  1701,   331,   709,  4449,  2635,     9,   107,    64,   111,   293,    24,   243,  1036,   518,    29,   130,   150,   585, 35661,  1293,   293,  1846,   123,   280,  2400,   387,     0,    18,  3592,   790,    57,  7665, 21039,  5784,   235, 20490,  8819,  1762,  1988,  4257,  2253, 39923,    88,     7, 22893,   685,  1856,    85,  1076,   116,    82, 54512,    14,  2518,   637,    99,  4610,   601,    93,   362,    30,  6938,    64,  4799,  3401,  2074,    24,299663,  1859,  1579,  1913,   126,    38,   143
7.7.20,  1867,   503,  2972,   102, 18896,  3743,   966,   655,  3850,  3563, 23162,  1885,   631,     0,  8326,  1168,    87,266548,  1113,   272,  2324,  1926,   326,     7, 21626,   132, 26648,   470,   393,  2027,  1695,   495,    54,   731,   121,   196,  5862,  6813,  8968,  1869,  1070,   244,     0,    48,  4009,   349,    12,    30,  2925,  4227,   180,  6691,   245,   136,    39,   457,  5870,    50,156936,  9841, 18026, 15592,    65,  6978,  1378,  1440,    37, 28751,  1884,   394,   904,  5050,  2773,    16,   129,    64,   137,   358,    27,   304,  1258,   594,    35,   140,   167,   661, 41919,  1528,   359,  2074,   151,   334,  2604,   424,   327,    19,  4095,   910,    68,  8927, 24019,  6741,   281, 24065, 10359,  2019,  2275,  4857,  2650, 46286,   147,    10, 26285,   754,  2155,   110,  1233,   139,    91, 64646,    14,  2859,   740,   119,  4893,   655,    93,   415,    39,  7991,    82,  5368,  3933,  2658,    29,359684,  2335,  1861,  2219,   139,   301,   196
7.8.20,  2077,   571,  3441,   102, 22500,  4278,  1136,   747,  4392,  4173, 26651,  2106,   696,     0,  9765,  1416,    87,311119,  1353,   315,  2324,  2237,   364,     7, 23690,   165, 30792,   734,   393,  2377,  2005,   548,    58,   860,   133,   207,  7020,  6813,  9993,  2128,  1070,   326,   928,    51,  4009,   477,    12,    35,  3281,  5081,   213,  7315,   306,   136,    39,   511,  6420,    55,181815, 11694, 20717, 18333,    69,  8313,  1571,  1646,    37, 28751,  2162,   443,  1087,  5812,  3341,    23,   168,    64,   146,   444,    37,   351,  1359,   640,    38,   156,   177,   724, 48914,  1858,   412,  2238,   182,   388,  2859,   476,   327,    22,  4555,  1072,    71, 10137, 27378,  7701,   333, 27698, 12845,  2296,  2718,  5465,  3205, 52820,   169,    10, 29321,   864,  2512,   122,  1391,   163,   104, 73456,    14,  3242,   827,   150,  5407,   784,    93,   464,    45,  9032,    88,  6203,  4378,  3295,    38,418285,  2589,  2176,  2601,   160,   301,   294
7.9.20,  2391,   653,  3901,   112, 26163,  4804,  1454,   849,  4940,  4770, 30011,  2293,   783,    86, 10894,  1633,    87,353738,  1683,   325,  2324,  2559,   455,     7, 26823,   207, 36127,   734,   807,  3026,  2251,   639,    62,   965,   149,   273,  8222,  7789, 10943,  2406,  1070,   401,  1127,    59,  5293,   477,    14,    40,  3583,  5722,   263,  8562,   490,   136,    41,   511,  6826,    65,208321, 14351, 22796, 20503,    92,  9581,  1785,  2002,    37, 32439,  2609,   488,  1301,  6645,  3852,    36,   233,   107,   177,   518,    40,   420,  1568,   718,    44,   192,   189,   763, 56194,  2053,   471,  2546,   203,   410,  2967,   530,   327,    22,  5054,  1238,    86, 11655, 30129,  8666,   417, 31235, 14240,  2558,  3136,  6022,  3819, 59311,   185,    12, 32504,   991,  2778,   136,  1516,   176,   114, 87130,    14,  3785,   901,   179,  5882,   872,    93,   510,    54, 10056,   111,  7031,  4910,  3938,    41,481532,  3061,  2540,  2792,   198,   301,   294
7.10.20,  2677,   743,  4335,   174, 29530,  5361,  1633,   943,  5466,  5281, 32960,  2486,   930,    86, 12346,  1949,    87,398786,  1975,   364,  2324,  2887,   514,     8, 29881,   207, 42930,   941,   866,  3386,  2553,   755,    72,  1047,   179,   286,  9347,  8586, 11924,  2704,  1070,   445,  1274,    65,  5952,   548,    15,    45,  3914,  6093,   323,  9523,   578,   188,    45,   642,  7495,    68,235435, 15962, 25058, 23351,   116, 11022,  2061,  2429,    41, 34147,  3082,   523,  1508,  7385,  4404,    47,   304,   157,   183,   518,    44,   478,  1929,   845,    57,   256,   223,   840, 63085,  2311,   471,  2795,   222,   463,  3085,   572,   327,    24,  5629,  1443,    95, 13544, 32881,  9707,   515, 34433, 15400,  2823,  3538,  6542,  4411, 65934,   227,    13, 35663,  1089,  3164,   151,  1707,   193,   114, 99478,    14,  4637,   947,   211,  6447,   976,   115,   557,    60, 11059,   117,  7862,  5383,  4462,    49,549323,  3524,  2971,  3123,   222,   301,   351
7.11.20,  2849,   836,  4805,   178, 32979,  5850,  1877,  1017,  5997,  5712, 35646,  2649,  1042,   179, 13981,  2266,    87,437809,  2186,   396,  2581,  3053,   543,     8, 32636,   286, 47786,   941,   932,  3772,  2944,   895,    79,  1161,   179,   286, 10546, 10777, 12847,  2953,  1070,   499,  1556,    77,  5952,   548,    15,    53,  4291,  6507,   363, 10502,   653,   188,    46,   715,  8025,    74,264041, 17633, 27455, 26085,   138, 12220,  2249,  2815,    44, 35945,  3360,   567,  1713,  7863,  4904,    55,   390,   157,   218,   565,    48,   543,  2364,  1037,    65,   303,   225,   912, 69179,  2595,   616,  3009,   246,   463,  3155,   653,   327,    24,  6293,  1641,    98, 14627, 35402, 10782,   599, 37497, 16708,  3128,  4080,  7040,  5109, 72520,   274,    13, 38657,  1221,  3509,   156,  1876,   227,   127,112975,    14,  4637,   993,   226,  6447,  1103,   115,   606,    60, 12075,   124,  8687,  5786,  5288,    50,609511,  4010,  3346,  3503,   231,   301,   391
7.12.20,  2934,   919,  5288,   222, 35636,  6427,  2060,  1131,  6517,  6183, 38312,  2814,  1280,   179, 14968,  2424,   172,462640,  2263,   396,  2581,  3251,   543,    14, 35648,   332, 52599,   941,   994,  4137,  3267,   945,    85,  1220,   179,   290, 11964, 11438, 13759,  3236,  1070,   539,  1714,    80,  5952,   548,    15,    58,  4501,  6777,   394, 11259,   750,   188,    52,   752,  8532,    79,292773, 19314, 29641, 28397,   155, 13426,  2483,  3226,    47, 35945,  3739,   629,  1916,  8699,  5611,    55,   556,   206,   230,   609,    52,   626,  2653,  1140,    79,   370,   230,   992, 73661,  2769,   673,  3212,   268,   580,  3237,   754,   327,    24,  6864,  1777,   102, 15945, 38155, 12083,   727, 41113, 18745,  3498,  4371,  7510,  5565, 79107,   312,    15, 41436,  1342,  3796,   173,  2054,   241,   135,125033,    14,  4637,   993,   226,  6447,  1169,   115,   652,    70, 13087,   136,  9393,  6187,  5938,    51,668528,  4494,  3633,  3802,   307,   301,   394
7.13.20,  2938,  1036,  5782,   241, 38735,  6609,  2331,  1182,  7046,  6718, 41411,  2996,  1280,   179, 16031,  2528,   172,482926,  2422,   471,  2581,  3887,   576,    14, 38264,   332, 56431,   941,  1036,  4577,  3373,   998,    87,  1284,   270,   295, 12938, 12027, 14690,  3540,  1070,   577,  1920,    81,  7577,   632,    15,    67,  4762,  7247,   417, 11646,   750,   188,    55,   752,  9021,    92,321271, 20596, 31990, 30626,   165, 15388,  2652,  3510,    51, 39447,  3928,   662,  2132,  9313,  5938,    56,   641,   218,   244,   688,    57,   657,  2866,  1206,    86,   401,   231,  1083, 78346,  2826,   739,  3403,   330,   656,  3381,   825,   327,    24,  7459,  1863,   105, 18109, 40134, 13623,   759, 44910, 19492,  3797,  4677,  7928,  5978, 85618,   353,    18, 44288,  1405,  4075,   180,  2376,   249,   148,136587,   141,  6682,  1059,   265,  7375,  1232,   138,   696,    71, 14095,   140, 10031,  6531,  6475,    53,727743,  5088,  3875,  4138,   340,   301,   443
7.14.20,  3223,  1132,  6309,   257, 42380,  6948,  2567,  1255,  7589,  7320, 44574,  3151,  1354,   179, 17648,  2528,   172,524783,  2656,   495,  2581,  4253,   611,    18, 40100,   441, 62052,   941,  1096,  5023,  3538,  1050,    91,  1387,   294,   297, 13737, 13138, 15619,  3865,  1070,   622,  2123,    87,  7577,   632,    15,    71,  5038,  7247,   474, 12776,   809,   188,    63,   752,  9548,   103,350700, 22187, 34511, 32648,   197, 17116,  2766,  3822,    66, 41206,  4425,   701,  2319,  9979,  5938,    56,   673,   229,   244,   739,    58,   757,  3129,  1273,    90,   440,   242,  1155, 85397,  3095,   739,  3564,   379,   659,  3497,   879,   628,    24,  7922,  1998,   122, 19498, 42299, 14546,   853, 48654, 20031,  4064,  4910,  8445,  6615, 91858,   391,    18, 46980,  1450,  4419,   189,  2723,   259,   152,147083,   141,  7348,  1160,   286,  7550,  1302,   160,   743,    81, 15087,   151, 10677,  6906,  7715,    61,795160,  5582,  4178,  4336,   358,   301,   473
7.15.20,  3477,  1217,  6863,   292, 46616,  7463,  2890,  1388,  8148,  7802, 48107,  3325,  1445,   179, 18999,  2958,   172,564707,  2888,   553,  2581,  4596,   617,    19, 41812,   461, 67323,  1135,  1124,  5527,  3904,  1176,    97,  1521,   325,   303, 15103, 13897, 16532,  4207,  1070,   677,  2335,    82,  8505,   727,    15,    76,  5472,  7689,   501, 13978,   885,   188,    68,   856, 10478,   108,383376, 23709, 36899, 34758,   210, 18944,  2928,  4557,    69, 42880,  4886,   762,  2438, 10682,  6776,    60,   764,   229,   276,   765,    65,   823,  3391,  1390,    95,   470,   252,  1201, 91546,  3427,   739,  3729,   441,   755,  3613,   988,   628,    25,  8565,  2196,   132, 21177, 44444, 15693,   977, 52538, 21336,  4328,  5285,  8895,  7256, 98268,   410,    23, 49651,  1576,  4770,   206,  2971,   278,   159,159840,   146,  8223,  1270,   322,  8041,  1434,   179,   795,    90, 16034,   154, 11525,  7181,  8253,    73,862488,  6078,  4596,  4636,   368,   301,   498
7.16.20,  3553,  1316,  7448,   323, 50253,  8017,  3313,  1504,  8641,  8326, 50840,  3505,  1811,   264, 20937,  3228,   295,610110,  3155,   667,  3565,  5047,   628,    20, 44305,   542, 75360,  1271,  1160,  6087,  4055,  1262,    99,  1658,   357,   311, 16175, 14933, 17460,  4519,  1070,   740,  2629,    79,  9039,   727,    29,    78,  6032,  8384,   530, 14843,   968,   248,    70,   973, 11309,   124,418351, 25283, 39399, 37039,   225, 20815,  3158,  4895,    74, 44587,  5307,   822,  2570, 11473,  6992,    61,   821,   229,   290,   828,    85,   986,  3875,  1488,    98,   538,   259,  1296, 97952,  3651,   739,  4012,   494,   827,  3780,  1089,   628,    27,  9160,  2289,   136, 22504, 44444, 16823,  1121, 56373, 23752,  4661,  5624,  9389,  8033,104683,   448,    26, 52415,  1688,  5153,   216,  3219,   297,   182,173012,   164,  9584,  1270,   389,  8426,  1576,   198,   841,    99, 16967,   162, 12386,  7462,  8900,    90,939743,  6563,  5022,  4984,   394,   301,   771
7.17.20,   3712,   1371,   8041,    354,  54771,   8459,   3521,   1673,   9112,   8715,  53874,   3664,   2072,    403,  22883,   3455,    295, 644287,   3453,    712,   3565,   5462,    644,     21,  47046,    617,  84294,   1546,   1210,   6510,   4197,   1360,    103,   1788,    406,    321,  17545,  16012,  18163,   4769,   1070,    807,   2957,     87,   9880,    921,     29,     82,   6627,   8831,    555,  15713,   1039,    273,     75,   1000,  12187,    138, 453603,  26745,  41778,  39062,    257,  22215,   3389,   5489,     77,  46395,   5696,    861,   2673,  12026,   7595,     67,    922,    284,    305,    880,     91,   1110,   4253,   1581,    116,    552,    286,   1347, 105209,   3881,   1417,   4193,    513,    873,   3881,   1199,    628,     27,   9760,   2452,    146,  24123,  48447,  17858,   1236,  60324,  25487,   5014,   5936,   9810,   8832, 111072,    460,     27,  55028,   1751,   5545,    226,   3546,    316,    182, 186385,    184,  10984,   1270,    428,   8830,   1668,    217,    886,    116,  17893,    167,  13212,   7755,   9587,    101,1011301,   7104,   5359,   5336,    418,   1216,    829
7.18.20,   3784,   1473,   8642,    403,  57994,   8920,   3882,   1807,   9609,   9246,  56583,   3835,   2279,    403,  24919,   3708,    295, 672819,   3649,    787,   3565,   5778,    740,     23,  49453,    633,  92854,   1546,   1285,   7092,   4413,   1476,    104,   1901,    406,    321,  18951,  16950,  18861,   5070,   1070,    917,   3301,    104,   9880,    921,     44,     90,   7008,   9319,    574,  19946,   1100,    295,     82,   1078,  13235,    160, 492300,  28497,  43944,  41111,    277,  24121,   3638,   6331,     82,  46395,   6384,    895,   2818,  12709,  19100,     71,    997,    332,    308,    967,     98,   1184,   4635,   1586,    125,    569,    291,   1450, 112824,   4181,   1524,   4482,    546,    998,   3938,   1326,    628,     29,  10413,   2692,    149,  25434,  50026,  18711,   1408,  64287,  27790,   5353,   6249,  10220,   9721, 117286,    514,     29,  57593,   1876,   5934,    239,   3748,    340,    187, 199670,    184,  10984,   1425,    486,   8830,   1778,    217,    934,    124,  18811,    173,  14079,   8044,  10416,    108,1074999,   7683,   5651,   5776,    423,   1386,    887
7.19.20,   3958,   1555,   9177,    421,  62225,   9335,   4149,   1889,   9997,   9664,  59042,   3977,   2279,    403,  26363,   3887,    295, 696348,   3744,    818,   3565,   6071,    740,     23,  51537,    718,  99432,   1546,   1364,   7655,   4620,   1568,    105,   1991,    409,    329,  20287,  17581,  19464,   5408,   1070,    981,   3657,    121,   9880,    921,     44,    100,   7317,   9926,    598,  20581,   1153,    295,     91,   1078,  14277,    178, 532725,  30136,  46126,  43421,    287,  25045,   3856,   6831,     86,  49530,   6987,    921,   2936,  13009,  21637,     74,   1081,    332,    311,   1042,    115,   1306,   4835,   1683,    140,    605,    294,   1510, 118135,   4367,   1640,   4703,    602,   1042,   4094,   1472,    628,     29,  10969,   2819,    149,  26591,  51613,  19918,   1500,  68377,  29942,   5711,   6495,  10560,  10488, 123382,    557,     32,  60097,   2017,   6330,    249,   4005,    346,    195, 213119,    193,  10984,   1735,    514,   8830,   1877,    217,    978,    128,  19735,    176,  14823,   8255,  11142,    118,1136846,   8249,   6059,   6121,    448,   1386,   1020
7.20.20,   4009,   1636,   9784,    465,  66244,   9439,   4508,   1977,  10366,  10178,  61970,   4095,   2667,    403,  27772,   4026,    295, 716605,   3940,    844,   3565,   6841,    803,     23,  53636,    837, 106159,   1764,   1404,   8075,   4813,   1593,    105,   2144,    498,    338,  21388,  18188,  20091,   5769,   1070,   1014,   4361,    126,  11960,   1039,     63,    111,   7907,  10689,    603,  20943,   1199,    295,     92,   1078,  15053,    184, 569857,  31829,  48540,  45584,    293,  26759,   4046,   7091,     91,  51160,   7405,    966,   3078,  13568,  21637,     74,   1127,    332,    327,   1156,    130,   1340,   4939,   1768,    161,    638,    294,   1560, 123307,   4502,   1640,   5029,    618,   1139,   4280,   1659,    628,     30,  11531,   2915,    155,  28330,  52626,  20876,   1527,  72468,  31384,   5990,   6630,  10949,  11169, 129283,    604,     32,  62526,   2155,   6689,    249,   4128,    353,    206, 222419,    204,  15565,   1735,    564,   9597,   1920,    243,   1021,    133,  20666,    180,  15513,   8526,  11728,    128,1198263,   8646,   6502,   6488,    461,   1732,   1122
7.21.20,   4098,   1755,  10371,    495,  71588,   9712,   4974,   2061,  10718,  10558,  65027,   4230,   2831,    403,  29138,   4334,    295, 757613,   4265,    880,   3930,   7376,    816,     23,  55290,    923, 113192,   1764,   1495,   8352,   5032,   1645,    108,   2370,    538,    345,  22229,  19785,  20767,   6144,   1070,   1082,   5226,    137,  12544,   1039,     63,    121,   8299,  11248,    639,  22133,   1261,    300,     94,   1125,  15787,    192, 607597,  33484,  51165,  48050,    329,  28798,   4174,   7848,    -19,  52845,   7802,   1029,   3246,  14239,  22745,     75,   1202,    332,    328,   1264,    132,   1426,   5334,   1821,    176,    683,    296,   1622, 130166,   4829,   1833,   5209,    647,   1161,   4430,   1824,    920,     38,  12107,   3078,    174,  29817,  53958,  21603,   1596,  76874,  33250,   6389,   6757,  11342,  12163, 135111,    630,     32,  65002,   2192,   7041,    265,   4527,    377,    211, 230589,    204,  16923,   1735,    616,   9715,   2028,    261,   1067,    140,  21594,    183,  16200,   8831,  12173,    160,1262797,   9378,   6942,   6800,    471,   1792,   1229
7.22.20,   4210,   1823,  10965,    528,  77370,  10151,   5382,   2163,  11109,  10879,  67771,   4403,   3200,    491,  30916,   4662,    295, 825473,   4595,    927,   3930,   7693,    829,     23,  57009,   1121, 120582,   1764,   1587,   8902,   5234,   1753,    121,   2616,    586,    348,  23475,  20825,  21434,   6537,   1070,   1126,   5678,    148,  13542,   1194,     97,    145,   8858,  11931,    668,  23039,   1356,    300,    105,   1192,  16544,    211, 653317,  35366,  53751,  50756,    346,  30841,   4454,   8521,    -12,  52845,   8439,   1088,   3487,  14990,  23474,     79,   1326,    332,    334,   1352,    134,   1555,   5948,   2078,    192,    742,    313,   1664, 136185,   5185,   1924,   5429,    668,   1197,   4530,   1992,    920,     47,  12650,   3213,    180,  31477,  55721,  22356,   1779,  81337,  34755,   6769,   7009,  11783,  13193, 140961,    664,     33,  67333,   2328,   7467,    269,   4837,    406,    237, 243739,    204,  18280,   1980,    661,  10053,   2169,    282,   1115,    156,  22496,    186,  17041,   9067,  12736,    181,1333707,   9876,   7332,   6970,    482,   1989,   1443
7.23.20,   4411,   1931,  11577,    567,  83497,  10620,   5675,   2333,  11456,  11238,  70627,   4570,   3420,    495,  32033,   5009,    365, 885434,   4864,    963,   3930,   8301,    845,     49,  59366,   1260, 128527,   1764,   1681,   9670,   5502,   1857,    125,   2846,    626,    349,  25047,  21716,  22102,   6939,   1070,   1209,   6087,    158,  14604,   1194,    121,    157,   9463,  11931,    701,  24096,   1415,    300,    106,   1222,  17344,    225, 702627,  37272,  56372,  53117,    353,  32738,   4760,   9499,     -1,  56178,   9235,   1129,   3668,  15677,  25741,     85,   1482,    332,    337,   1490,    143,   1653,   6167,   2078,    201,    759,    313,   1704, 144623,   5492,   2021,   5731,    693,   1317,   4677,   2157,    920,     49,  13254,   3335,    206,  32576,  56930,  23267,   1892,  85883,  36876,   7187,   7238,  12156,  14305, 146791,    685,     35,  69571,   2473,   7879,    290,   5191,    433,    247, 256843,    232,  20895,   1980,    719,  10312,   2286,    305,   1160,    178,  23409,    190,  17915,   9321,  13515,    205,1402402,  10483,   7781,   7316,    496,   2195,   1533
7.24.20,   4464,   2035,  12252,    596,  88990,  11071,   6030,   2448,  11788,  11700,  73175,   4728,   3772,    495,  33237,   5314,    459, 941325,   5134,    993,   4116,   9018,    848,     49,  61911,   1417, 135695,   1951,   1728,  10210,   5754,   1938,    128,   3127,    674,    357,  26509,  22617,  22761,   7354,   1070,   1261,   6847,    166,  15734,   1590,    167,    176,  10205,  13316,    726,  25187,   1476,    300,    107,   1285,  18001,    243, 751543,  39033,  58861,  55602,    372,  34231,   5012,  10268,     14,  57918,   9902,   1242,   3881,  16430,  25741,     87,   1629,    332,    355,   1600,    169,   1757,   6527,   2229,    222,    814,    322,   1753, 152196,   5870,   2117,   6301,    701,   1413,   4810,   2354,    920,     49,  13845,   3463,    213,  33721,  58417,  24443,   2003,  90748,  38930,   7645,   7551,  12550,  15424, 152570,    704,    146,  71949,   2629,   8288,    303,   5468,    452,    247, 270787,    251,  23150,   2045,    790,  10546,   2440,    329,   1204,    189,  24346,    200,  18919,   9582,  14284,    230,1476117,  10857,   8431,   7665,    516,   2262,   1705
7.25.20,   4519,   2102,  12857,    632,  93804,  11454,   6483,   2572,  12109,  11989,  75695,   4884,   4300,    495,  35062,   5314,    459, 992472,   5323,   1031,   4116,   9373,    853,     49,  64199,   1596, 142949,   1951,   1762,  11141,   5995,   2015,    137,   3258,    675,    357,  28328,  23604,  23272,   7783,   1070,   1330,   7402,    174,  15738,   1590,    228,    189,  10860,  14110,    757,  26396,   1536,    300,    115,   1322,  18880,    269, 800154,  40901,  61177,  58464,    396,  35434,   5286,  11069,     22,  59412,  10277,   1300,   4118,  17114,  26618,     88,   1804,    392,    375,   1723,    184,   1890,   6652,   2229,    245,    891,    322,   1788, 158947,   6215,   2199,   7112,    727,   1482,   4919,   2501,    920,     49,  14283,   3600,    232,  34788,  59643,  25314,   2107,  90748,  40898,   8229,   7814,  12948,  16708, 158403,    727,    148,  74150,   2759,   8288,    306,   5981,    466,    254, 282991,    251,  23150,   2128,    866,  10546,   2588,    348,   1250,    203,  25267,    214,  20063,   9895,  15054,    238,1542556,  11449,   9097,   7878,    516,   2734,   1843
7.26.20,   4640,   2228,  13450,    648,  97996,  11775,   7015,   2706,  12526,  12373,  77970,   5014,   4599,    571,  36210,   5314,    459,1017050,   5438,   1080,   4116,   9692,    854,     49,  66397,   1785, 142949,   1951,   1792,  11770,   6097,   2080,    154,   3370,    697,    368,  30340,  24262,  23751,   8192,   1070,   1395,   8122,    179,  15738,   1590,    228,    203,  11249,  15228,    784,  26957,   1617,    300,    125,   1340,  19718,    280, 850135,  42393,  63510,  60923,    408,  36712,   5540,  11933,     36,  60814,  11237,   1325,   4338,  17578,  27307,    101,   1972,    478,    382,   1845,    191,   1973,   7081,   2416,    258,    941,    329,   1808, 164427,   6421,   2251,   7745,    780,   1570,   5049,   2795,    920,     61,  14838,   3752,    238,  35935,  59643,  26746,   2223,  90748,  42934,   8672,   8023,  13217,  17828, 164144,    796,    149,  76118,   2888,   9166,    321,   6462,    482,    254, 294224,    255,  23150,   2128,    924,  10546,   2698,    371,   1292,    218,  26194,    226,  21007,  10246,  15804,    256,1597509,  12028,   9631,   8041,    523,   2887,   1921
7.27.20,   4746,   2345,  14066,    666, 102886,  11848,   7383,   2792,  12922,  12724,  80742,   5133,   5001,    571,  37962,   6045,    512,1040334,   5632,   1101,   4518,  10374,    854,     56,  68530,   1998, 159255,   2113,   1805,  12382,   6156,   2104,    191,   3562,    807,    377,  31588,  24729,  24171,   8597,   1070,   1504,   8701,    184,  18289,   1795,    277,    209,  11694,  15883,    818,  27213,   1664,    300,    144,   1365,  20183,    293, 894592,  43918,  65944,  63476,    419,  38741,   5708,  12527,     44,  62340,  11609,   1353,   4614,  18184,  27790,    101,   2104,    478,    387,   2003,    202,   2022,   7476,   2440,    265,   1008,    332,   1845, 169400,   6541,   2345,   8354,    812,   1638,   5188,   2941,    920,     57,  15486,   3879,    253,  36988,  60819,  27892,   2327, 104504,  44526,   9009,   8158,  13509,  18932, 169751,    854,    151,  78111,   2971,   9577,    321,   6931,    487,    272, 301320,    298,  29511,   2167,    968,  10944,   2763,    395,   1335,    224,  27113,    239,  21842,  10510,  16492,    266,1653923,  12706,  10156,   8193,    533,   2958,   2113
7.28.20,   4851,   2462,  14708,    716, 108825,  12087,   7662,   2911,  13334,  13163,  83702,   5248,   5235,    571,  39108,   6313,    512,1081150,   5882,   1127,   4587,  10774,    854,     60,  70407,   2205, 169539,   2113,   1834,  12885,   6214,   2146,    214,   3845,    843,    386,  32122,  25847,  24636,   9008,   1070,   1592,   9354,    190,  19014,   1795,    277,    217,  12289,  16665,    870,  28355,   1735,    300,    151,   1365,  20902,    301, 946188,  45666,  68611,  66223,    456,  41049,   5910,  13501,     50,  63884,  12215,   1401,   4853,  18954,  28338,    102,   2245,    478,    397,   2193,    210,   2076,   7890,   2485,    304,   1145,    339,   1886, 176608,   6908,   2401,   8854,    831,   1712,   5499,   3164,   1153,     57,  16110,   3981,    271,  37834,  61755,  28673,   2453, 109792,  46159,   9511,   8269,  13792,  20083, 175131,    901,    153,  80008,   3012,   9956,    324,   7290,    501,    288, 308552,    298,  31339,   2239,    995,  11043,   2895,    415,   1376,    246,  28076,    246,  22776,  10879,  17045,    282,1719792,  13196,  10739,   8510,    545,   3408,   2226

